Airport,Year,Month,Quarter,Rainfall,Total,Longtitude,Latitude
ADELAIDE,2011,Jan,Q1,16.2,6162,138.6007456,-34.9284989
ADELAIDE,2011,Feb,Q1,38.4,5672,138.6007456,-34.9284989
ADELAIDE,2011,Mar,Q1,75.4,6531,138.6007456,-34.9284989
ADELAIDE,2011,Apr,Q2,17.6,6268,138.6007456,-34.9284989
ADELAIDE,2011,May,Q2,36.8,6422,138.6007456,-34.9284989
ADELAIDE,2011,Jun,Q2,31.2,5794,138.6007456,-34.9284989
ADELAIDE,2011,Jul,Q3,55,6283,138.6007456,-34.9284989
ADELAIDE,2011,Aug,Q3,60.2,6291,138.6007456,-34.9284989
ADELAIDE,2011,Sep,Q3,40.2,6042,138.6007456,-34.9284989
ADELAIDE,2011,Oct,Q4,30.2,6065,138.6007456,-34.9284989
ADELAIDE,2011,Nov,Q4,17.6,5948,138.6007456,-34.9284989
ADELAIDE,2011,Dec,Q4,25.4,6008,138.6007456,-34.9284989
ADELAIDE,2012,Jan,Q1,11.4,5742,138.6007456,-34.9284989
ADELAIDE,2012,Feb,Q1,16.4,5755,138.6007456,-34.9284989
ADELAIDE,2012,Mar,Q1,55.6,6295,138.6007456,-34.9284989
ADELAIDE,2012,Apr,Q2,27.2,5991,138.6007456,-34.9284989
ADELAIDE,2012,May,Q2,53.4,6053,138.6007456,-34.9284989
ADELAIDE,2012,Jun,Q2,114.6,5786,138.6007456,-34.9284989
ADELAIDE,2012,Jul,Q3,30.8,6372,138.6007456,-34.9284989
ADELAIDE,2012,Aug,Q3,52.6,6453,138.6007456,-34.9284989
ADELAIDE,2012,Sep,Q3,18.2,6183,138.6007456,-34.9284989
ADELAIDE,2012,Oct,Q4,14.4,6491,138.6007456,-34.9284989
ADELAIDE,2012,Nov,Q4,13,6497,138.6007456,-34.9284989
ADELAIDE,2012,Dec,Q4,7.2,6386,138.6007456,-34.9284989
ADELAIDE,2013,Jan,Q1,11.4,6150,138.6007456,-34.9284989
ADELAIDE,2013,Feb,Q1,16,5765,138.6007456,-34.9284989
ADELAIDE,2013,Mar,Q1,8,6453,138.6007456,-34.9284989
ADELAIDE,2013,Apr,Q2,31.2,6392,138.6007456,-34.9284989
ADELAIDE,2013,May,Q2,60,6407,138.6007456,-34.9284989
ADELAIDE,2013,Jun,Q2,77.8,5969,138.6007456,-34.9284989
ADELAIDE,2013,Jul,Q3,96.6,6527,138.6007456,-34.9284989
ADELAIDE,2013,Aug,Q3,64,6399,138.6007456,-34.9284989
ADELAIDE,2013,Sep,Q3,37.2,6402,138.6007456,-34.9284989
ADELAIDE,2013,Oct,Q4,15.4,6610,138.6007456,-34.9284989
ADELAIDE,2013,Nov,Q4,4.8,6314,138.6007456,-34.9284989
ADELAIDE,2013,Dec,Q4,9.8,6383,138.6007456,-34.9284989
ADELAIDE,2014,Jan,Q1,13,6224,138.6007456,-34.9284989
ADELAIDE,2014,Feb,Q1,81,5841,138.6007456,-34.9284989
ADELAIDE,2014,Mar,Q1,22.6,6647,138.6007456,-34.9284989
ADELAIDE,2014,Apr,Q2,31.2,6553,138.6007456,-34.9284989
ADELAIDE,2014,May,Q2,62.4,6637,138.6007456,-34.9284989
ADELAIDE,2014,Jun,Q2,69.6,6420,138.6007456,-34.9284989
ADELAIDE,2014,Jul,Q3,72.8,6795,138.6007456,-34.9284989
ADELAIDE,2014,Aug,Q3,0,6662,138.6007456,-34.9284989
ADELAIDE,2014,Sep,Q3,21.8,6613,138.6007456,-34.9284989
ADELAIDE,2014,Oct,Q4,5.4,6812,138.6007456,-34.9284989
ADELAIDE,2014,Nov,Q4,27.4,6353,138.6007456,-34.9284989
ADELAIDE,2014,Dec,Q4,4.8,6519,138.6007456,-34.9284989
ADELAIDE,2015,Jan,Q1,30,6121,138.6007456,-34.9284989
ADELAIDE,2015,Feb,Q1,0,5846,138.6007456,-34.9284989
ADELAIDE,2015,Mar,Q1,2.6,6632,138.6007456,-34.9284989
ADELAIDE,2015,Apr,Q2,50,6566,138.6007456,-34.9284989
ADELAIDE,2015,May,Q2,52.6,6700,138.6007456,-34.9284989
ADELAIDE,2015,Jun,Q2,18.6,6449,138.6007456,-34.9284989
ADELAIDE,2015,Jul,Q3,42.2,6837,138.6007456,-34.9284989
ADELAIDE,2015,Aug,Q3,36.4,6601,138.6007456,-34.9284989
ADELAIDE,2015,Sep,Q3,15.6,6656,138.6007456,-34.9284989
ADELAIDE,2015,Oct,Q4,5.6,6791,138.6007456,-34.9284989
ADELAIDE,2015,Nov,Q4,14.6,6552,138.6007456,-34.9284989
ADELAIDE,2015,Dec,Q4,7.8,6655,138.6007456,-34.9284989
ADELAIDE,2016,Jan,Q1,36.2,6316,138.6007456,-34.9284989
ADELAIDE,2016,Feb,Q1,14.8,6372,138.6007456,-34.9284989
ADELAIDE,2016,Mar,Q1,41.6,6720,138.6007456,-34.9284989
ADELAIDE,2016,Apr,Q2,8,6497,138.6007456,-34.9284989
ADELAIDE,2016,May,Q2,64.2,6487,138.6007456,-34.9284989
ADELAIDE,2016,Jun,Q2,72,6207,138.6007456,-34.9284989
ADELAIDE,2016,Jul,Q3,95.4,6739,138.6007456,-34.9284989
ADELAIDE,2016,Aug,Q3,49,6804,138.6007456,-34.9284989
ADELAIDE,2016,Sep,Q3,102.2,6696,138.6007456,-34.9284989
ADELAIDE,2016,Oct,Q4,59.6,6879,138.6007456,-34.9284989
ADELAIDE,2016,Nov,Q4,30.2,6711,138.6007456,-34.9284989
ADELAIDE,2016,Dec,Q4,75.8,6608,138.6007456,-34.9284989
BRISBANE,2011,Jan,Q1,315.8,13427,153.0251235,-27.4697707
BRISBANE,2011,Feb,Q1,157,12608,153.0251235,-27.4697707
BRISBANE,2011,Mar,Q1,149.2,14331,153.0251235,-27.4697707
BRISBANE,2011,Apr,Q2,100.2,14123,153.0251235,-27.4697707
BRISBANE,2011,May,Q2,69.2,14449,153.0251235,-27.4697707
BRISBANE,2011,Jun,Q2,10.6,13727,153.0251235,-27.4697707
BRISBANE,2011,Jul,Q3,12.4,15012,153.0251235,-27.4697707
BRISBANE,2011,Aug,Q3,76.8,15052,153.0251235,-27.4697707
BRISBANE,2011,Sep,Q3,18.6,14517,153.0251235,-27.4697707
BRISBANE,2011,Oct,Q4,117.8,14908,153.0251235,-27.4697707
BRISBANE,2011,Nov,Q4,15.6,14730,153.0251235,-27.4697707
BRISBANE,2011,Dec,Q4,132.4,15144,153.0251235,-27.4697707
BRISBANE,2012,Jan,Q1,343.4,14865,153.0251235,-27.4697707
BRISBANE,2012,Feb,Q1,162.2,14276,153.0251235,-27.4697707
BRISBANE,2012,Mar,Q1,118.2,15315,153.0251235,-27.4697707
BRISBANE,2012,Apr,Q2,149,14873,153.0251235,-27.4697707
BRISBANE,2012,May,Q2,36.4,14976,153.0251235,-27.4697707
BRISBANE,2012,Jun,Q2,122,14527,153.0251235,-27.4697707
BRISBANE,2012,Jul,Q3,51.2,15971,153.0251235,-27.4697707
BRISBANE,2012,Aug,Q3,0.2,16274,153.0251235,-27.4697707
BRISBANE,2012,Sep,Q3,5.6,15665,153.0251235,-27.4697707
BRISBANE,2012,Oct,Q4,21.4,16251,153.0251235,-27.4697707
BRISBANE,2012,Nov,Q4,116.8,15648,153.0251235,-27.4697707
BRISBANE,2012,Dec,Q4,50.8,15645,153.0251235,-27.4697707
BRISBANE,2013,Jan,Q1,281.6,15553,153.0251235,-27.4697707
BRISBANE,2013,Feb,Q1,250.6,14284,153.0251235,-27.4697707
BRISBANE,2013,Mar,Q1,172.4,15723,153.0251235,-27.4697707
BRISBANE,2013,Apr,Q2,104.6,15768,153.0251235,-27.4697707
BRISBANE,2013,May,Q2,44,16035,153.0251235,-27.4697707
BRISBANE,2013,Jun,Q2,59.4,15503,153.0251235,-27.4697707
BRISBANE,2013,Jul,Q3,39,16922,153.0251235,-27.4697707
BRISBANE,2013,Aug,Q3,0.2,16683,153.0251235,-27.4697707
BRISBANE,2013,Sep,Q3,13.2,16354,153.0251235,-27.4697707
BRISBANE,2013,Oct,Q4,22.6,17059,153.0251235,-27.4697707
BRISBANE,2013,Nov,Q4,104.8,16040,153.0251235,-27.4697707
BRISBANE,2013,Dec,Q4,19.2,16399,153.0251235,-27.4697707
BRISBANE,2014,Jan,Q1,143.8,16252,153.0251235,-27.4697707
BRISBANE,2014,Feb,Q1,15.8,14457,153.0251235,-27.4697707
BRISBANE,2014,Mar,Q1,164.4,16147,153.0251235,-27.4697707
BRISBANE,2014,Apr,Q2,14.2,16135,153.0251235,-27.4697707
BRISBANE,2014,May,Q2,28.6,16329,153.0251235,-27.4697707
BRISBANE,2014,Jun,Q2,16.2,15904,153.0251235,-27.4697707
BRISBANE,2014,Jul,Q3,14.2,17067,153.0251235,-27.4697707
BRISBANE,2014,Aug,Q3,93.2,16648,153.0251235,-27.4697707
BRISBANE,2014,Sep,Q3,27.6,16440,153.0251235,-27.4697707
BRISBANE,2014,Oct,Q4,5.8,16884,153.0251235,-27.4697707
BRISBANE,2014,Nov,Q4,142,15678,153.0251235,-27.4697707
BRISBANE,2014,Dec,Q4,124.4,16550,153.0251235,-27.4697707
BRISBANE,2015,Jan,Q1,322.4,16237,153.0251235,-27.4697707
BRISBANE,2015,Feb,Q1,274.8,14604,153.0251235,-27.4697707
BRISBANE,2015,Mar,Q1,161.4,16432,153.0251235,-27.4697707
BRISBANE,2015,Apr,Q2,146.2,16125,153.0251235,-27.4697707
BRISBANE,2015,May,Q2,248.8,16148,153.0251235,-27.4697707
BRISBANE,2015,Jun,Q2,34.6,16015,153.0251235,-27.4697707
BRISBANE,2015,Jul,Q3,9.2,16994,153.0251235,-27.4697707
BRISBANE,2015,Aug,Q3,27.6,16553,153.0251235,-27.4697707
BRISBANE,2015,Sep,Q3,54.2,16275,153.0251235,-27.4697707
BRISBANE,2015,Oct,Q4,55.8,16501,153.0251235,-27.4697707
BRISBANE,2015,Nov,Q4,74.2,15936,153.0251235,-27.4697707
BRISBANE,2015,Dec,Q4,36.2,16589,153.0251235,-27.4697707
BRISBANE,2016,Jan,Q1,51.4,16117,153.0251235,-27.4697707
BRISBANE,2016,Feb,Q1,0,15224,153.0251235,-27.4697707
BRISBANE,2016,Mar,Q1,117.4,16236,153.0251235,-27.4697707
BRISBANE,2016,Apr,Q2,12.8,15595,153.0251235,-27.4697707
BRISBANE,2016,May,Q2,27.6,15544,153.0251235,-27.4697707
BRISBANE,2016,Jun,Q2,264.8,15325,153.0251235,-27.4697707
BRISBANE,2016,Jul,Q3,28.2,16470,153.0251235,-27.4697707
BRISBANE,2016,Aug,Q3,31.6,16424,153.0251235,-27.4697707
BRISBANE,2016,Sep,Q3,51.8,16272,153.0251235,-27.4697707
BRISBANE,2016,Oct,Q4,30.2,16323,153.0251235,-27.4697707
BRISBANE,2016,Nov,Q4,28,15852,153.0251235,-27.4697707
BRISBANE,2016,Dec,Q4,102,16407,153.0251235,-27.4697707
CANBERRA,2011,Jan,Q1,54.6,3074,149.1300092,-35.2809368
CANBERRA,2011,Feb,Q1,129.2,3473,149.1300092,-35.2809368
CANBERRA,2011,Mar,Q1,40.2,3912,149.1300092,-35.2809368
CANBERRA,2011,Apr,Q2,8.8,3539,149.1300092,-35.2809368
CANBERRA,2011,May,Q2,12,3756,149.1300092,-35.2809368
CANBERRA,2011,Jun,Q2,9.4,3465,149.1300092,-35.2809368
CANBERRA,2011,Jul,Q3,26.4,3745,149.1300092,-35.2809368
CANBERRA,2011,Aug,Q3,50.8,3835,149.1300092,-35.2809368
CANBERRA,2011,Sep,Q3,34,3705,149.1300092,-35.2809368
CANBERRA,2011,Oct,Q4,26.1,3629,149.1300092,-35.2809368
CANBERRA,2011,Nov,Q4,113.2,3755,149.1300092,-35.2809368
CANBERRA,2011,Dec,Q4,73,3463,149.1300092,-35.2809368
CANBERRA,2012,Jan,Q1,46.8,2984,149.1300092,-35.2809368
CANBERRA,2012,Feb,Q1,126.4,3574,149.1300092,-35.2809368
CANBERRA,2012,Mar,Q1,197.2,3759,149.1300092,-35.2809368
CANBERRA,2012,Apr,Q2,16.9,3517,149.1300092,-35.2809368
CANBERRA,2012,May,Q2,19.8,3661,149.1300092,-35.2809368
CANBERRA,2012,Jun,Q2,47,3311,149.1300092,-35.2809368
CANBERRA,2012,Jul,Q3,34.9,3596,149.1300092,-35.2809368
CANBERRA,2012,Aug,Q3,35.2,3706,149.1300092,-35.2809368
CANBERRA,2012,Sep,Q3,36.2,3474,149.1300092,-35.2809368
CANBERRA,2012,Oct,Q4,66.8,3666,149.1300092,-35.2809368
CANBERRA,2012,Nov,Q4,29,3611,149.1300092,-35.2809368
CANBERRA,2012,Dec,Q4,37.4,3158,149.1300092,-35.2809368
CANBERRA,2013,Jan,Q1,72.6,2967,149.1300092,-35.2809368
CANBERRA,2013,Feb,Q1,30,3342,149.1300092,-35.2809368
CANBERRA,2013,Mar,Q1,26.6,3647,149.1300092,-35.2809368
CANBERRA,2013,Apr,Q2,9.8,3499,149.1300092,-35.2809368
CANBERRA,2013,May,Q2,6.6,3703,149.1300092,-35.2809368
CANBERRA,2013,Jun,Q2,85.2,3447,149.1300092,-35.2809368
CANBERRA,2013,Jul,Q3,42.8,3629,149.1300092,-35.2809368
CANBERRA,2013,Aug,Q3,27,3581,149.1300092,-35.2809368
CANBERRA,2013,Sep,Q3,91,3494,149.1300092,-35.2809368
CANBERRA,2013,Oct,Q4,13.4,3630,149.1300092,-35.2809368
CANBERRA,2013,Nov,Q4,105.6,3489,149.1300092,-35.2809368
CANBERRA,2013,Dec,Q4,23.2,3272,149.1300092,-35.2809368
CANBERRA,2014,Jan,Q1,4.8,2852,149.1300092,-35.2809368
CANBERRA,2014,Feb,Q1,83.6,3128,149.1300092,-35.2809368
CANBERRA,2014,Mar,Q1,88,3420,149.1300092,-35.2809368
CANBERRA,2014,Apr,Q2,69.2,3267,149.1300092,-35.2809368
CANBERRA,2014,May,Q2,14.4,3435,149.1300092,-35.2809368
CANBERRA,2014,Jun,Q2,57.2,3294,149.1300092,-35.2809368
CANBERRA,2014,Jul,Q3,16.2,3438,149.1300092,-35.2809368
CANBERRA,2014,Aug,Q3,26.8,3423,149.1300092,-35.2809368
CANBERRA,2014,Sep,Q3,28.8,3373,149.1300092,-35.2809368
CANBERRA,2014,Oct,Q4,53.4,3474,149.1300092,-35.2809368
CANBERRA,2014,Nov,Q4,24.2,3222,149.1300092,-35.2809368
CANBERRA,2014,Dec,Q4,102,3145,149.1300092,-35.2809368
CANBERRA,2015,Jan,Q1,97,2760,149.1300092,-35.2809368
CANBERRA,2015,Feb,Q1,30.2,3054,149.1300092,-35.2809368
CANBERRA,2015,Mar,Q1,12.4,3363,149.1300092,-35.2809368
CANBERRA,2015,Apr,Q2,91.8,3071,149.1300092,-35.2809368
CANBERRA,2015,May,Q2,12.2,3236,149.1300092,-35.2809368
CANBERRA,2015,Jun,Q2,55.2,3230,149.1300092,-35.2809368
CANBERRA,2015,Jul,Q3,37.2,3353,149.1300092,-35.2809368
CANBERRA,2015,Aug,Q3,66.8,3326,149.1300092,-35.2809368
CANBERRA,2015,Sep,Q3,13.6,3283,149.1300092,-35.2809368
CANBERRA,2015,Oct,Q4,26.6,3405,149.1300092,-35.2809368
CANBERRA,2015,Nov,Q4,67.6,3349,149.1300092,-35.2809368
CANBERRA,2015,Dec,Q4,35,2946,149.1300092,-35.2809368
CANBERRA,2016,Jan,Q1,106.4,2562,149.1300092,-35.2809368
CANBERRA,2016,Feb,Q1,23.4,3248,149.1300092,-35.2809368
CANBERRA,2016,Mar,Q1,28.4,3348,149.1300092,-35.2809368
CANBERRA,2016,Apr,Q2,6.8,3235,149.1300092,-35.2809368
CANBERRA,2016,May,Q2,47.6,3355,149.1300092,-35.2809368
CANBERRA,2016,Jun,Q2,144.2,3089,149.1300092,-35.2809368
CANBERRA,2016,Jul,Q3,71,3267,149.1300092,-35.2809368
CANBERRA,2016,Aug,Q3,46.2,3453,149.1300092,-35.2809368
CANBERRA,2016,Sep,Q3,149.2,3279,149.1300092,-35.2809368
CANBERRA,2016,Oct,Q4,43.6,3329,149.1300092,-35.2809368
CANBERRA,2016,Nov,Q4,56.8,3347,149.1300092,-35.2809368
CANBERRA,2016,Dec,Q4,64.6,3011,149.1300092,-35.2809368
GOLD COAST,2011,Jan,Q1,179.6,3840,153.4,-28.016667
GOLD COAST,2011,Feb,Q1,70.8,2732,153.4,-28.016667
GOLD COAST,2011,Mar,Q1,0,3086,153.4,-28.016667
GOLD COAST,2011,Apr,Q2,150.7,2977,153.4,-28.016667
GOLD COAST,2011,May,Q2,118.6,2965,153.4,-28.016667
GOLD COAST,2011,Jun,Q2,47,2672,153.4,-28.016667
GOLD COAST,2011,Jul,Q3,18.4,2954,153.4,-28.016667
GOLD COAST,2011,Aug,Q3,216.8,2834,153.4,-28.016667
GOLD COAST,2011,Sep,Q3,0,2850,153.4,-28.016667
GOLD COAST,2011,Oct,Q4,93.8,3004,153.4,-28.016667
GOLD COAST,2011,Nov,Q4,49.8,2915,153.4,-28.016667
GOLD COAST,2011,Dec,Q4,159.6,3195,153.4,-28.016667
GOLD COAST,2012,Jan,Q1,680.2,3347,153.4,-28.016667
GOLD COAST,2012,Feb,Q1,246.8,2861,153.4,-28.016667
GOLD COAST,2012,Mar,Q1,164.3,3092,153.4,-28.016667
GOLD COAST,2012,Apr,Q2,185.4,3083,153.4,-28.016667
GOLD COAST,2012,May,Q2,39,2764,153.4,-28.016667
GOLD COAST,2012,Jun,Q2,235,2799,153.4,-28.016667
GOLD COAST,2012,Jul,Q3,63.7,3338,153.4,-28.016667
GOLD COAST,2012,Aug,Q3,0,3208,153.4,-28.016667
GOLD COAST,2012,Sep,Q3,5,3389,153.4,-28.016667
GOLD COAST,2012,Oct,Q4,15.6,3512,153.4,-28.016667
GOLD COAST,2012,Nov,Q4,65.2,3291,153.4,-28.016667
GOLD COAST,2012,Dec,Q4,154.2,3607,153.4,-28.016667
GOLD COAST,2013,Jan,Q1,366,3599,153.4,-28.016667
GOLD COAST,2013,Feb,Q1,298.4,2859,153.4,-28.016667
GOLD COAST,2013,Mar,Q1,259.4,3224,153.4,-28.016667
GOLD COAST,2013,Apr,Q2,161.1,3379,153.4,-28.016667
GOLD COAST,2013,May,Q2,103,2739,153.4,-28.016667
GOLD COAST,2013,Jun,Q2,179.6,2890,153.4,-28.016667
GOLD COAST,2013,Jul,Q3,144.7,3327,153.4,-28.016667
GOLD COAST,2013,Aug,Q3,3.4,3149,153.4,-28.016667
GOLD COAST,2013,Sep,Q3,49.2,3405,153.4,-28.016667
GOLD COAST,2013,Oct,Q4,22.2,3506,153.4,-28.016667
GOLD COAST,2013,Nov,Q4,116.6,3078,153.4,-28.016667
GOLD COAST,2013,Dec,Q4,40.4,3534,153.4,-28.016667
GOLD COAST,2014,Jan,Q1,95.7,3666,153.4,-28.016667
GOLD COAST,2014,Feb,Q1,28.1,2802,153.4,-28.016667
GOLD COAST,2014,Mar,Q1,237.9,3255,153.4,-28.016667
GOLD COAST,2014,Apr,Q2,54.2,3296,153.4,-28.016667
GOLD COAST,2014,May,Q2,54.4,2903,153.4,-28.016667
GOLD COAST,2014,Jun,Q2,31.6,2908,153.4,-28.016667
GOLD COAST,2014,Jul,Q3,24.5,3391,153.4,-28.016667
GOLD COAST,2014,Aug,Q3,147.4,3173,153.4,-28.016667
GOLD COAST,2014,Sep,Q3,35.4,3295,153.4,-28.016667
GOLD COAST,2014,Oct,Q4,6.6,3460,153.4,-28.016667
GOLD COAST,2014,Nov,Q4,29.3,3073,153.4,-28.016667
GOLD COAST,2014,Dec,Q4,167.7,3551,153.4,-28.016667
GOLD COAST,2015,Jan,Q1,400.1,3617,153.4,-28.016667
GOLD COAST,2015,Feb,Q1,349.7,2715,153.4,-28.016667
GOLD COAST,2015,Mar,Q1,111.8,3147,153.4,-28.016667
GOLD COAST,2015,Apr,Q2,139.8,3322,153.4,-28.016667
GOLD COAST,2015,May,Q2,176.9,2993,153.4,-28.016667
GOLD COAST,2015,Jun,Q2,78.2,3069,153.4,-28.016667
GOLD COAST,2015,Jul,Q3,71.7,3522,153.4,-28.016667
GOLD COAST,2015,Aug,Q3,29.7,3290,153.4,-28.016667
GOLD COAST,2015,Sep,Q3,100.6,3519,153.4,-28.016667
GOLD COAST,2015,Oct,Q4,49.7,3584,153.4,-28.016667
GOLD COAST,2015,Nov,Q4,189.4,3291,153.4,-28.016667
GOLD COAST,2015,Dec,Q4,0,3769,153.4,-28.016667
GOLD COAST,2016,Jan,Q1,215.5,3934,153.4,-28.016667
GOLD COAST,2016,Feb,Q1,30,3092,153.4,-28.016667
GOLD COAST,2016,Mar,Q1,232.6,3438,153.4,-28.016667
GOLD COAST,2016,Apr,Q2,74.6,3557,153.4,-28.016667
GOLD COAST,2016,May,Q2,22,3195,153.4,-28.016667
GOLD COAST,2016,Jun,Q2,0,3179,153.4,-28.016667
GOLD COAST,2016,Jul,Q3,15.6,3784,153.4,-28.016667
GOLD COAST,2016,Aug,Q3,111.4,3496,153.4,-28.016667
GOLD COAST,2016,Sep,Q3,56.9,3697,153.4,-28.016667
GOLD COAST,2016,Oct,Q4,41.1,3779,153.4,-28.016667
GOLD COAST,2016,Nov,Q4,73.9,3416,153.4,-28.016667
GOLD COAST,2016,Dec,Q4,81.2,3909,153.4,-28.016667
MELBOURNE,2011,Jan,Q1,97.2,17900,144.9630576,-37.8136276
MELBOURNE,2011,Feb,Q1,87.4,15638,144.9630576,-37.8136276
MELBOURNE,2011,Mar,Q1,27.4,17685,144.9630576,-37.8136276
MELBOURNE,2011,Apr,Q2,44.4,17093,144.9630576,-37.8136276
MELBOURNE,2011,May,Q2,42.8,17283,144.9630576,-37.8136276
MELBOURNE,2011,Jun,Q2,20.2,15795,144.9630576,-37.8136276
MELBOURNE,2011,Jul,Q3,22.2,16907,144.9630576,-37.8136276
MELBOURNE,2011,Aug,Q3,15.4,17001,144.9630576,-37.8136276
MELBOURNE,2011,Sep,Q3,76,16732,144.9630576,-37.8136276
MELBOURNE,2011,Oct,Q4,72.8,17077,144.9630576,-37.8136276
MELBOURNE,2011,Nov,Q4,112,16997,144.9630576,-37.8136276
MELBOURNE,2011,Dec,Q4,60.6,17700,144.9630576,-37.8136276
MELBOURNE,2012,Jan,Q1,10.6,17517,144.9630576,-37.8136276
MELBOURNE,2012,Feb,Q1,81.6,16690,144.9630576,-37.8136276
MELBOURNE,2012,Mar,Q1,64,18032,144.9630576,-37.8136276
MELBOURNE,2012,Apr,Q2,35.4,17405,144.9630576,-37.8136276
MELBOURNE,2012,May,Q2,54,17291,144.9630576,-37.8136276
MELBOURNE,2012,Jun,Q2,55.4,16567,144.9630576,-37.8136276
MELBOURNE,2012,Jul,Q3,34.2,18453,144.9630576,-37.8136276
MELBOURNE,2012,Aug,Q3,50.4,18269,144.9630576,-37.8136276
MELBOURNE,2012,Sep,Q3,29.8,17951,144.9630576,-37.8136276
MELBOURNE,2012,Oct,Q4,25,18552,144.9630576,-37.8136276
MELBOURNE,2012,Nov,Q4,23.6,18239,144.9630576,-37.8136276
MELBOURNE,2012,Dec,Q4,18.8,18257,144.9630576,-37.8136276
MELBOURNE,2013,Jan,Q1,9.8,18115,144.9630576,-37.8136276
MELBOURNE,2013,Feb,Q1,55.2,16245,144.9630576,-37.8136276
MELBOURNE,2013,Mar,Q1,44.2,18357,144.9630576,-37.8136276
MELBOURNE,2013,Apr,Q2,24.2,17983,144.9630576,-37.8136276
MELBOURNE,2013,May,Q2,26,17822,144.9630576,-37.8136276
MELBOURNE,2013,Jun,Q2,126,17171,144.9630576,-37.8136276
MELBOURNE,2013,Jul,Q3,35,19030,144.9630576,-37.8136276
MELBOURNE,2013,Aug,Q3,38.2,18597,144.9630576,-37.8136276
MELBOURNE,2013,Sep,Q3,66,18504,144.9630576,-37.8136276
MELBOURNE,2013,Oct,Q4,42.6,19253,144.9630576,-37.8136276
MELBOURNE,2013,Nov,Q4,56.8,18411,144.9630576,-37.8136276
MELBOURNE,2013,Dec,Q4,35.8,19096,144.9630576,-37.8136276
MELBOURNE,2014,Jan,Q1,8.4,18825,144.9630576,-37.8136276
MELBOURNE,2014,Feb,Q1,14,16881,144.9630576,-37.8136276
MELBOURNE,2014,Mar,Q1,25.4,18840,144.9630576,-37.8136276
MELBOURNE,2014,Apr,Q2,65.6,18526,144.9630576,-37.8136276
MELBOURNE,2014,May,Q2,17.8,18646,144.9630576,-37.8136276
MELBOURNE,2014,Jun,Q2,44.4,18219,144.9630576,-37.8136276
MELBOURNE,2014,Jul,Q3,20.6,19494,144.9630576,-37.8136276
MELBOURNE,2014,Aug,Q3,31.2,18987,144.9630576,-37.8136276
MELBOURNE,2014,Sep,Q3,47.2,18978,144.9630576,-37.8136276
MELBOURNE,2014,Oct,Q4,36.4,19763,144.9630576,-37.8136276
MELBOURNE,2014,Nov,Q4,50.2,18559,144.9630576,-37.8136276
MELBOURNE,2014,Dec,Q4,41.4,19562,144.9630576,-37.8136276
MELBOURNE,2015,Jan,Q1,30,19309,144.9630576,-37.8136276
MELBOURNE,2015,Feb,Q1,38.8,17409,144.9630576,-37.8136276
MELBOURNE,2015,Mar,Q1,22.2,19574,144.9630576,-37.8136276
MELBOURNE,2015,Apr,Q2,35.2,19110,144.9630576,-37.8136276
MELBOURNE,2015,May,Q2,25.4,18918,144.9630576,-37.8136276
MELBOURNE,2015,Jun,Q2,23.4,18771,144.9630576,-37.8136276
MELBOURNE,2015,Jul,Q3,63.6,20234,144.9630576,-37.8136276
MELBOURNE,2015,Aug,Q3,19.4,19650,144.9630576,-37.8136276
MELBOURNE,2015,Sep,Q3,27.8,19558,144.9630576,-37.8136276
MELBOURNE,2015,Oct,Q4,16.6,20239,144.9630576,-37.8136276
MELBOURNE,2015,Nov,Q4,54.2,19386,144.9630576,-37.8136276
MELBOURNE,2015,Dec,Q4,44.8,20278,144.9630576,-37.8136276
MELBOURNE,2016,Jan,Q1,44.8,19831,144.9630576,-37.8136276
MELBOURNE,2016,Feb,Q1,4.4,18684,144.9630576,-37.8136276
MELBOURNE,2016,Mar,Q1,27.2,20009,144.9630576,-37.8136276
MELBOURNE,2016,Apr,Q2,36.4,19345,144.9630576,-37.8136276
MELBOURNE,2016,May,Q2,47,18977,144.9630576,-37.8136276
MELBOURNE,2016,Jun,Q2,66.4,18583,144.9630576,-37.8136276
MELBOURNE,2016,Jul,Q3,63.4,20438,144.9630576,-37.8136276
MELBOURNE,2016,Aug,Q3,30.6,19987,144.9630576,-37.8136276
MELBOURNE,2016,Sep,Q3,99.8,19992,144.9630576,-37.8136276
MELBOURNE,2016,Oct,Q4,77.4,20255,144.9630576,-37.8136276
MELBOURNE,2016,Nov,Q4,39.8,19602,144.9630576,-37.8136276
MELBOURNE,2016,Dec,Q4,77.4,20543,144.9630576,-37.8136276
PERTH,2011,Jan,Q1,43.2,7330,115.8604572,-31.9505269
PERTH,2011,Feb,Q1,0.4,6575,115.8604572,-31.9505269
PERTH,2011,Mar,Q1,0,7479,115.8604572,-31.9505269
PERTH,2011,Apr,Q2,26.2,7517,115.8604572,-31.9505269
PERTH,2011,May,Q2,58.6,7723,115.8604572,-31.9505269
PERTH,2011,Jun,Q2,143.2,7238,115.8604572,-31.9505269
PERTH,2011,Jul,Q3,164.6,7788,115.8604572,-31.9505269
PERTH,2011,Aug,Q3,127.8,7876,115.8604572,-31.9505269
PERTH,2011,Sep,Q3,102.4,7613,115.8604572,-31.9505269
PERTH,2011,Oct,Q4,63.4,7541,115.8604572,-31.9505269
PERTH,2011,Nov,Q4,38.6,7466,115.8604572,-31.9505269
PERTH,2011,Dec,Q4,67.4,7793,115.8604572,-31.9505269
PERTH,2012,Jan,Q1,27.4,8089,115.8604572,-31.9505269
PERTH,2012,Feb,Q1,19,7488,115.8604572,-31.9505269
PERTH,2012,Mar,Q1,0,8047,115.8604572,-31.9505269
PERTH,2012,Apr,Q2,53.2,7974,115.8604572,-31.9505269
PERTH,2012,May,Q2,39.8,8089,115.8604572,-31.9505269
PERTH,2012,Jun,Q2,134.4,7826,115.8604572,-31.9505269
PERTH,2012,Jul,Q3,30.6,8606,115.8604572,-31.9505269
PERTH,2012,Aug,Q3,117.8,8529,115.8604572,-31.9505269
PERTH,2012,Sep,Q3,103.8,8224,115.8604572,-31.9505269
PERTH,2012,Oct,Q4,13.8,8618,115.8604572,-31.9505269
PERTH,2012,Nov,Q4,84.8,8201,115.8604572,-31.9505269
PERTH,2012,Dec,Q4,24.8,8350,115.8604572,-31.9505269
PERTH,2013,Jan,Q1,8.2,8301,115.8604572,-31.9505269
PERTH,2013,Feb,Q1,1,7317,115.8604572,-31.9505269
PERTH,2013,Mar,Q1,60.2,8163,115.8604572,-31.9505269
PERTH,2013,Apr,Q2,7.8,8304,115.8604572,-31.9505269
PERTH,2013,May,Q2,112.2,8385,115.8604572,-31.9505269
PERTH,2013,Jun,Q2,23,7976,115.8604572,-31.9505269
PERTH,2013,Jul,Q3,119.2,8912,115.8604572,-31.9505269
PERTH,2013,Aug,Q3,160.6,8621,115.8604572,-31.9505269
PERTH,2013,Sep,Q3,172.4,8484,115.8604572,-31.9505269
PERTH,2013,Oct,Q4,32.4,8778,115.8604572,-31.9505269
PERTH,2013,Nov,Q4,6.2,8237,115.8604572,-31.9505269
PERTH,2013,Dec,Q4,0.8,8573,115.8604572,-31.9505269
PERTH,2014,Jan,Q1,0.4,8838,115.8604572,-31.9505269
PERTH,2014,Feb,Q1,0,7740,115.8604572,-31.9505269
PERTH,2014,Mar,Q1,4.4,8470,115.8604572,-31.9505269
PERTH,2014,Apr,Q2,18.6,8545,115.8604572,-31.9505269
PERTH,2014,May,Q2,125.2,8268,115.8604572,-31.9505269
PERTH,2014,Jun,Q2,92.2,7894,115.8604572,-31.9505269
PERTH,2014,Jul,Q3,139.2,8520,115.8604572,-31.9505269
PERTH,2014,Aug,Q3,109.6,8083,115.8604572,-31.9505269
PERTH,2014,Sep,Q3,70.2,8238,115.8604572,-31.9505269
PERTH,2014,Oct,Q4,34.2,8523,115.8604572,-31.9505269
PERTH,2014,Nov,Q4,26.6,7810,115.8604572,-31.9505269
PERTH,2014,Dec,Q4,0.2,8351,115.8604572,-31.9505269
PERTH,2015,Jan,Q1,0.4,8215,115.8604572,-31.9505269
PERTH,2015,Feb,Q1,28.4,7345,115.8604572,-31.9505269
PERTH,2015,Mar,Q1,22,8011,115.8604572,-31.9505269
PERTH,2015,Apr,Q2,56,8038,115.8604572,-31.9505269
PERTH,2015,May,Q2,68.8,7922,115.8604572,-31.9505269
PERTH,2015,Jun,Q2,100.2,7860,115.8604572,-31.9505269
PERTH,2015,Jul,Q3,98.8,8350,115.8604572,-31.9505269
PERTH,2015,Aug,Q3,102.8,7900,115.8604572,-31.9505269
PERTH,2015,Sep,Q3,46.8,7897,115.8604572,-31.9505269
PERTH,2015,Oct,Q4,19.2,8121,115.8604572,-31.9505269
PERTH,2015,Nov,Q4,17.4,7626,115.8604572,-31.9505269
PERTH,2015,Dec,Q4,17.4,8119,115.8604572,-31.9505269
PERTH,2016,Jan,Q1,23.4,7912,115.8604572,-31.9505269
PERTH,2016,Feb,Q1,0.8,7498,115.8604572,-31.9505269
PERTH,2016,Mar,Q1,21.4,8124,115.8604572,-31.9505269
PERTH,2016,Apr,Q2,61.6,7879,115.8604572,-31.9505269
PERTH,2016,May,Q2,106,7680,115.8604572,-31.9505269
PERTH,2016,Jun,Q2,86.4,7587,115.8604572,-31.9505269
PERTH,2016,Jul,Q3,129.4,7969,115.8604572,-31.9505269
PERTH,2016,Aug,Q3,131.6,8077,115.8604572,-31.9505269
PERTH,2016,Sep,Q3,61.8,8038,115.8604572,-31.9505269
PERTH,2016,Oct,Q4,37.8,8123,115.8604572,-31.9505269
PERTH,2016,Nov,Q4,5.6,7791,115.8604572,-31.9505269
PERTH,2016,Dec,Q4,8.6,7935,115.8604572,-31.9505269
SYDNEY,2011,Jan,Q1,38.2,23648,151.2092955,-33.8688197
SYDNEY,2011,Feb,Q1,14.4,22274,151.2092955,-33.8688197
SYDNEY,2011,Mar,Q1,183.4,25209,151.2092955,-33.8688197
SYDNEY,2011,Apr,Q2,211,24125,151.2092955,-33.8688197
SYDNEY,2011,May,Q2,97.2,24594,151.2092955,-33.8688197
SYDNEY,2011,Jun,Q2,48,22789,151.2092955,-33.8688197
SYDNEY,2011,Jul,Q3,250.4,24670,151.2092955,-33.8688197
SYDNEY,2011,Aug,Q3,40.8,24751,151.2092955,-33.8688197
SYDNEY,2011,Sep,Q3,55.2,24127,151.2092955,-33.8688197
SYDNEY,2011,Oct,Q4,47.6,24391,151.2092955,-33.8688197
SYDNEY,2011,Nov,Q4,151.8,24299,151.2092955,-33.8688197
SYDNEY,2011,Dec,Q4,113.4,24449,151.2092955,-33.8688197
SYDNEY,2012,Jan,Q1,110.6,23431,151.2092955,-33.8688197
SYDNEY,2012,Feb,Q1,138,23495,151.2092955,-33.8688197
SYDNEY,2012,Mar,Q1,199.4,25044,151.2092955,-33.8688197
SYDNEY,2012,Apr,Q2,121,24425,151.2092955,-33.8688197
SYDNEY,2012,May,Q2,29.2,24606,151.2092955,-33.8688197
SYDNEY,2012,Jun,Q2,198.2,23622,151.2092955,-33.8688197
SYDNEY,2012,Jul,Q3,53.4,26124,151.2092955,-33.8688197
SYDNEY,2012,Aug,Q3,12.6,26418,151.2092955,-33.8688197
SYDNEY,2012,Sep,Q3,20,25807,151.2092955,-33.8688197
SYDNEY,2012,Oct,Q4,23.4,26482,151.2092955,-33.8688197
SYDNEY,2012,Nov,Q4,41,25557,151.2092955,-33.8688197
SYDNEY,2012,Dec,Q4,26.6,25452,151.2092955,-33.8688197
SYDNEY,2013,Jan,Q1,147,24390,151.2092955,-33.8688197
SYDNEY,2013,Feb,Q1,141.2,22988,151.2092955,-33.8688197
SYDNEY,2013,Mar,Q1,57.4,25768,151.2092955,-33.8688197
SYDNEY,2013,Apr,Q2,161,25770,151.2092955,-33.8688197
SYDNEY,2013,May,Q2,62.2,25635,151.2092955,-33.8688197
SYDNEY,2013,Jun,Q2,305.6,24615,151.2092955,-33.8688197
SYDNEY,2013,Jul,Q3,32.4,26690,151.2092955,-33.8688197
SYDNEY,2013,Aug,Q3,15.6,26017,151.2092955,-33.8688197
SYDNEY,2013,Sep,Q3,69.8,26119,151.2092955,-33.8688197
SYDNEY,2013,Oct,Q4,16.4,26931,151.2092955,-33.8688197
SYDNEY,2013,Nov,Q4,181.2,25550,151.2092955,-33.8688197
SYDNEY,2013,Dec,Q4,57.8,25977,151.2092955,-33.8688197
SYDNEY,2014,Jan,Q1,11.8,24834,151.2092955,-33.8688197
SYDNEY,2014,Feb,Q1,58,22957,151.2092955,-33.8688197
SYDNEY,2014,Mar,Q1,153.4,25840,151.2092955,-33.8688197
SYDNEY,2014,Apr,Q2,72.6,25476,151.2092955,-33.8688197
SYDNEY,2014,May,Q2,19.6,25611,151.2092955,-33.8688197
SYDNEY,2014,Jun,Q2,110.4,24702,151.2092955,-33.8688197
SYDNEY,2014,Jul,Q3,12,26417,151.2092955,-33.8688197
SYDNEY,2014,Aug,Q3,256.4,25787,151.2092955,-33.8688197
SYDNEY,2014,Sep,Q3,41.8,25824,151.2092955,-33.8688197
SYDNEY,2014,Oct,Q4,124.2,26685,151.2092955,-33.8688197
SYDNEY,2014,Nov,Q4,13.6,24950,151.2092955,-33.8688197
SYDNEY,2014,Dec,Q4,119.2,25972,151.2092955,-33.8688197
SYDNEY,2015,Jan,Q1,120,25041,151.2092955,-33.8688197
SYDNEY,2015,Feb,Q1,48,23357,151.2092955,-33.8688197
SYDNEY,2015,Mar,Q1,52.8,26311,151.2092955,-33.8688197
SYDNEY,2015,Apr,Q2,343.6,25418,151.2092955,-33.8688197
SYDNEY,2015,May,Q2,89.8,25631,151.2092955,-33.8688197
SYDNEY,2015,Jun,Q2,94.8,25392,151.2092955,-33.8688197
SYDNEY,2015,Jul,Q3,48.4,27137,151.2092955,-33.8688197
SYDNEY,2015,Aug,Q3,60,26455,151.2092955,-33.8688197
SYDNEY,2015,Sep,Q3,67.2,26366,151.2092955,-33.8688197
SYDNEY,2015,Oct,Q4,29.4,27046,151.2092955,-33.8688197
SYDNEY,2015,Nov,Q4,0,26068,151.2092955,-33.8688197
SYDNEY,2015,Dec,Q4,67.2,26979,151.2092955,-33.8688197
SYDNEY,2016,Jan,Q1,262.8,25805,151.2092955,-33.8688197
SYDNEY,2016,Feb,Q1,40.4,25470,151.2092955,-33.8688197
SYDNEY,2016,Mar,Q1,155.8,27319,151.2092955,-33.8688197
SYDNEY,2016,Apr,Q2,81,26337,151.2092955,-33.8688197
SYDNEY,2016,May,Q2,13.4,26155,151.2092955,-33.8688197
SYDNEY,2016,Jun,Q2,279.4,25329,151.2092955,-33.8688197
SYDNEY,2016,Jul,Q3,114.2,27693,151.2092955,-33.8688197
SYDNEY,2016,Aug,Q3,131.4,27495,151.2092955,-33.8688197
SYDNEY,2016,Sep,Q3,67.8,26997,151.2092955,-33.8688197
SYDNEY,2016,Oct,Q4,34.2,27412,151.2092955,-33.8688197
SYDNEY,2016,Nov,Q4,26.8,26784,151.2092955,-33.8688197
SYDNEY,2016,Dec,Q4,58.4,27220,151.2092955,-33.8688197
TASMANIA,2011,Jan,Q1,163.2,1661,145.9706647,-41.4545196
TASMANIA,2011,Feb,Q1,68.8,1391,145.9706647,-41.4545196
TASMANIA,2011,Mar,Q1,124.8,1459,145.9706647,-41.4545196
TASMANIA,2011,Apr,Q2,47.8,1214,145.9706647,-41.4545196
TASMANIA,2011,May,Q2,14.6,1211,145.9706647,-41.4545196
TASMANIA,2011,Jun,Q2,125.6,1041,145.9706647,-41.4545196
TASMANIA,2011,Jul,Q3,50.8,1208,145.9706647,-41.4545196
TASMANIA,2011,Aug,Q3,96.8,1165,145.9706647,-41.4545196
TASMANIA,2011,Sep,Q3,65.2,1168,145.9706647,-41.4545196
TASMANIA,2011,Oct,Q4,57.2,1189,145.9706647,-41.4545196
TASMANIA,2011,Nov,Q4,76,1179,145.9706647,-41.4545196
TASMANIA,2011,Dec,Q4,45.6,1290,145.9706647,-41.4545196
TASMANIA,2012,Jan,Q1,39.4,1401,145.9706647,-41.4545196
TASMANIA,2012,Feb,Q1,29.4,1198,145.9706647,-41.4545196
TASMANIA,2012,Mar,Q1,63,1272,145.9706647,-41.4545196
TASMANIA,2012,Apr,Q2,58,1163,145.9706647,-41.4545196
TASMANIA,2012,May,Q2,97,1168,145.9706647,-41.4545196
TASMANIA,2012,Jun,Q2,99.6,1128,145.9706647,-41.4545196
TASMANIA,2012,Jul,Q3,44,1204,145.9706647,-41.4545196
TASMANIA,2012,Aug,Q3,90.8,1198,145.9706647,-41.4545196
TASMANIA,2012,Sep,Q3,102.8,1244,145.9706647,-41.4545196
TASMANIA,2012,Oct,Q4,8.4,1327,145.9706647,-41.4545196
TASMANIA,2012,Nov,Q4,39.4,1481,145.9706647,-41.4545196
TASMANIA,2012,Dec,Q4,44,1648,145.9706647,-41.4545196
TASMANIA,2013,Jan,Q1,28.8,1655,145.9706647,-41.4545196
TASMANIA,2013,Feb,Q1,38.6,1343,145.9706647,-41.4545196
TASMANIA,2013,Mar,Q1,112.4,1544,145.9706647,-41.4545196
TASMANIA,2013,Apr,Q2,29.2,1360,145.9706647,-41.4545196
TASMANIA,2013,May,Q2,84.2,1217,145.9706647,-41.4545196
TASMANIA,2013,Jun,Q2,27,1189,145.9706647,-41.4545196
TASMANIA,2013,Jul,Q3,135.6,1339,145.9706647,-41.4545196
TASMANIA,2013,Aug,Q3,223.4,1286,145.9706647,-41.4545196
TASMANIA,2013,Sep,Q3,90.4,1337,145.9706647,-41.4545196
TASMANIA,2013,Oct,Q4,110.4,1389,145.9706647,-41.4545196
TASMANIA,2013,Nov,Q4,120.8,1361,145.9706647,-41.4545196
TASMANIA,2013,Dec,Q4,37,1544,145.9706647,-41.4545196
TASMANIA,2014,Jan,Q1,23.6,1564,145.9706647,-41.4545196
TASMANIA,2014,Feb,Q1,14.6,1223,145.9706647,-41.4545196
TASMANIA,2014,Mar,Q1,67,1454,145.9706647,-41.4545196
TASMANIA,2014,Apr,Q2,96,1352,145.9706647,-41.4545196
TASMANIA,2014,May,Q2,49.6,1234,145.9706647,-41.4545196
TASMANIA,2014,Jun,Q2,66,1280,145.9706647,-41.4545196
TASMANIA,2014,Jul,Q3,117.3,1429,145.9706647,-41.4545196
TASMANIA,2014,Aug,Q3,42.6,1383,145.9706647,-41.4545196
TASMANIA,2014,Sep,Q3,52.2,1392,145.9706647,-41.4545196
TASMANIA,2014,Oct,Q4,108,1472,145.9706647,-41.4545196
TASMANIA,2014,Nov,Q4,8.6,1416,145.9706647,-41.4545196
TASMANIA,2014,Dec,Q4,47.6,1662,145.9706647,-41.4545196
TASMANIA,2015,Jan,Q1,33.8,1720,145.9706647,-41.4545196
TASMANIA,2015,Feb,Q1,16.8,1319,145.9706647,-41.4545196
TASMANIA,2015,Mar,Q1,46,1473,145.9706647,-41.4545196
TASMANIA,2015,Apr,Q2,10,1404,145.9706647,-41.4545196
TASMANIA,2015,May,Q2,113.8,1359,145.9706647,-41.4545196
TASMANIA,2015,Jun,Q2,33.8,1339,145.9706647,-41.4545196
TASMANIA,2015,Jul,Q3,76.6,1432,145.9706647,-41.4545196
TASMANIA,2015,Aug,Q3,59.2,1396,145.9706647,-41.4545196
TASMANIA,2015,Sep,Q3,36.2,1399,145.9706647,-41.4545196
TASMANIA,2015,Oct,Q4,2.6,1499,145.9706647,-41.4545196
TASMANIA,2015,Nov,Q4,33.6,1487,145.9706647,-41.4545196
TASMANIA,2015,Dec,Q4,39.2,1729,145.9706647,-41.4545196
TASMANIA,2016,Jan,Q1,111.6,1762,145.9706647,-41.4545196
TASMANIA,2016,Feb,Q1,18.8,1413,145.9706647,-41.4545196
TASMANIA,2016,Mar,Q1,26.4,1601,145.9706647,-41.4545196
TASMANIA,2016,Apr,Q2,26.2,1526,145.9706647,-41.4545196
TASMANIA,2016,May,Q2,145.6,1458,145.9706647,-41.4545196
TASMANIA,2016,Jun,Q2,210.2,1449,145.9706647,-41.4545196
TASMANIA,2016,Jul,Q3,149.4,1557,145.9706647,-41.4545196
TASMANIA,2016,Aug,Q3,60,1478,145.9706647,-41.4545196
TASMANIA,2016,Sep,Q3,131.2,1505,145.9706647,-41.4545196
TASMANIA,2016,Oct,Q4,147.2,1605,145.9706647,-41.4545196
TASMANIA,2016,Nov,Q4,49.8,1574,145.9706647,-41.4545196
TASMANIA,2016,Dec,Q4,97.8,1833,145.9706647,-41.4545196
